skill name,output,data_type,intents (remove built-in intent)
skills/ydsingh/alexa/feature-demos/skill-demo-device-location.csv,It looks like you don't have an address set. You can set your address from the companion app.,collect data address,[]
skills/ydsingh/alexa/feature-demos/skill-demo-device-location.csv,Here is your full address: ,collect data address,[]
skills/alexa/alexa-cookbook/feature-demos/skill-demo-device-location.csv,It looks like you don't have an address set. You can set your address from the companion app.,collect data address,[]
skills/alexa/alexa-cookbook/feature-demos/skill-demo-device-location.csv,Here is your full address: ,collect data address,[]
skills/malhotra-vikas/alexa-cookbook/feature-demos/skill-demo-device-location.csv,It looks like you don't have an address set. You can set your address from the companion app.,collect data address,[]
skills/malhotra-vikas/alexa-cookbook/feature-demos/skill-demo-device-location.csv,Here is your full address: ,collect data address,[]
skills/alexa-samples/skill-sample-node-device-address-api.csv,It looks like you don't have an address set. You can set your address from the companion app.,collect data address,[]
skills/alexa-samples/skill-sample-node-device-address-api.csv,Here is your full address: ,collect data address,[]
skills/mobiletta/alexa/templates/skill-demo-device-location.csv,It looks like you don't have an address set. You can set your address from the companion app.,collect data address,[]
skills/mobiletta/alexa/templates/skill-demo-device-location.csv,Here is your full address: ,collect data address,[]
skills/sternma/mdalexa.csv,'It looks like you don't have an address set. You can set your address from the companion app.',collect data address,[]
skills/alexa-samples/device-location-demo.csv,It looks like you don't have an address set. You can set your address from the companion app.,collect data address,[]
skills/alexa-samples/device-location-demo.csv,Here is your full address: ,collect data address,[]
skills/steveoh/alexa-how-high-am-i.csv,It looks like you don't have an address set. You can set your address from the companion app.,collect data address,[]
skills/steveoh/alexa-how-high-am-i.csv,I could not find your address,collect data address,[]
skills/PedroFeitosa/essilor-cosmo.csv,"Most eye care professionals recommend that you have a comprehensive eye exam every one to two years, depending on your age and risk factors.",collect data age,[]
skills/lefthandsimon/genericPreschooler.csv,"Hi I'm Pogo, your CBeebies friend, you can say play a game, tell me a story or just chat... ask me a question like how old are you?",collect data age,[]
skills/joshua-bloom/cake-time-skill-william.csv,'Hello! This is Cake Time. What is your birthday?',collect data birthday,[]
skills/fgarcialainez/Build-Engaging-Alexa-Skill-Tutorial.csv,Hello! Welcome to Caketime. What is your birthday?,collect data birthday,[]
skills/junw10/noah.care.csv,"Hello, Welcome to Noah Care, What is your birthday?",collect data birthday,[]
skills/felixreynoso/krello/amzn1.ask.skill.a5988adc-23db-448b-85d4-549f871c7ecc.csv,Hello! This is Cake walk. What is your birthday?,collect data birthday,[]
skills/peterluba/cake-walk-alexa/cake_walk.csv,Hello! Welcome to Cake Walk. What is your birthday?,collect data birthday,[]
skills/peterluba/cake-walk-alexa/cake_walk.csv,"Thanks, I'll remember that your birthday is ",collect data birthday,[]
skills/joshua-bloom/alexa-skill-cake-time-python.csv,'Hello! This is Cake Time. What is your birthday?',collect data birthday,[]
skills/joshua-bloom/alexa-skill-cake-time-python.csv,        'Welcome back. It looks like there are x more days until your y-th birthday.',collect data birthday,[]
skills/joshua-bloom/alexa-skill-cake-time-python.csv,"'If you accidentally entered the wrong birthday, you can change it by saying,                         'Alexa, tell Cake Time I was born on, and then say the month day and year of your birthday.'",collect data birthday,[]
skills/aman199002/alexa_birthday_reminder.csv,"Hello Aman, you are welcome. What is your birthday?",collect data birthday,[]
skills/prady13/Cake-Time.csv,Hello! Welcome to Cake time. What is your birthday?,collect data birthday,[]
skills/makyfj/AlexaSkillPython.csv,'Hello! This is Cake Time. What is your birthday?',collect data birthday,[]
skills/ehelbig1/cake_walk.csv,Hello there! This is Cake walk. What is your birthday?,collect data birthday,[]
skills/malhotra-vikas/alexa-cookbook/feature-demos/skill-demo-amazon-pay.csv,"You can set your email at Amazon.com, under log-in and security.",collect data email,[]
skills/alexa-samples/community-templates/scheduling-skill-template.csv,It looks like you don't have an email set. You can set your email in the Alexa companion app.,collect data email,[]
skills/alexa-samples/customer-profile-demo.csv,"You can set your email at Amazon.com, under log-in and security.",collect data email,[]
skills/ydsingh/alexa/feature-demos/skill-demo-customer-profile.csv,"You can set your email at Amazon.com, under log-in and security.",collect data email,[]
skills/malhotra-vikas/alexa-cookbook/feature-demos/skill-demo-customer-profile.csv,"You can set your email at Amazon.com, under log-in and security.",collect data email,[]
skills/nationwidehackathon/analysis-paralysis/alexa-skill.csv,Please check your email for the accident location.,collect data email,[]
skills/dabblelab/29-alexa-appointment-scheduler-skill.csv,It looks like you don't have an email set. You can set your email in the Alexa companion app.,collect data email,[]
skills/3unyt/Alexa-Intern-Helper.csv,It looks like you don't have an email set. You can set your email from the companion app.,collect data email,[]
skills/3unyt/Alexa-Intern-Helper.csv,It looks like you don't have an email set. You can set your email from the Alexa companion app.,collect data email,[]
skills/alu0101327372/SIPC/amzn1.ask.skill.029fa6c3-fa4d-4e60-817f-90f5f81c88d7.csv,It looks like you don't have an email set. You can set your email from the companion app.,collect data email,[]
skills/alexa/alexa-cookbook/feature-demos/skill-demo-customer-profile.csv,"You can set your email at Amazon.com, under log-in and security.",collect data email,[]
skills/nithinkumarhere/srskills.csv, Individual sanctions on them. Do you want me to send these to your email? or read them out?,collect data email,[]
skills/nithinkumarhere/srskills.csv, companies sanctions on them. Do you want me to send these to your email? or read them out?,collect data email,[]
skills/nithinkumarhere/srskills.csv, individuals. Do you want me to send these to your email? or read them out?,collect data email,[]
skills/nithinkumarhere/srskills.csv,Do you want me to send these to your email? or read them out?,collect data email,[]
skills/nithinkumarhere/srskills.csv, companies. Do you want me to send these to your email? or read them out?,collect data email,[]
skills/nithinkumarhere/srskills.csv, individuals sanctions on them. Do you want me to send these to your email? or read them out?,collect data email,[]
skills/nithinkumarhere/srskills.csv,It looks like you don't have an email set. You can set your email from the companion app.,collect data email,[]
skills/mobiletta/alexa/templates/skill-demo-customer-profile.csv,"You can set your email at Amazon.com, under log-in and security.",collect data email,[]
skills/malhotra-vikas/alexa-cookbook/feature-demos/skill-demo-amazon-pay.csv,Here is your email address: ,collect data email address,[]
skills/alexa-samples/community-templates/scheduling-skill-template.csv,Please set your email address in the Alexa companion app.,collect data email address,[]
skills/alexa-samples/customer-profile-demo.csv,"Welcome to the Sample Alexa Customer Profile API Skill! You can ask for your name, your email address, or your phone number. What do you want to ask?",collect data email address,[]
skills/alexa-samples/customer-profile-demo.csv,Here is your email address: ,collect data email address,[]
skills/ydsingh/alexa/feature-demos/skill-demo-customer-profile.csv,"Welcome to the Sample Alexa Customer Profile API Skill! You can ask for your name, your email address, or your phone number. What do you want to ask?",collect data email address,[]
skills/ydsingh/alexa/feature-demos/skill-demo-customer-profile.csv,Here is your email address: ,collect data email address,[]
skills/malhotra-vikas/alexa-cookbook/feature-demos/skill-demo-customer-profile.csv,"Welcome to the Sample Alexa Customer Profile API Skill! You can ask for your name, your email address, or your phone number. What do you want to ask?",collect data email address,[]
skills/malhotra-vikas/alexa-cookbook/feature-demos/skill-demo-customer-profile.csv,Here is your email address: ,collect data email address,[]
skills/dabblelab/29-alexa-appointment-scheduler-skill.csv,Please set your email address in the Alexa companion app.,collect data email address,[]
skills/alexa/alexa-cookbook/feature-demos/skill-demo-customer-profile.csv,"Welcome to the Sample Alexa Customer Profile API Skill! You can ask for your name, your email address, or your phone number. What do you want to ask?",collect data email address,[]
skills/alexa/alexa-cookbook/feature-demos/skill-demo-customer-profile.csv,Here is your email address: ,collect data email address,[]
skills/mobiletta/alexa/templates/skill-demo-customer-profile.csv,"Welcome to the Sample Alexa Customer Profile API Skill! You can ask for your name, your email address, or your phone number. What do you want to ask?",collect data email address,[]
skills/mobiletta/alexa/templates/skill-demo-customer-profile.csv,Here is your email address: ,collect data email address,[]
skills/sifahad-amzn/driving-directions.csv,your location,collect data location,[]
skills/ydsingh/alexa/feature-demos/skill-demo-dynamic-location.csv,"Location Demo would like to use your location. To turn on location sharing, please go to your Alexa app, and follow the instructions. ",collect data location,[]
skills/ydsingh/alexa/feature-demos/skill-demo-dynamic-location.csv,"Location Demo is having trouble accessing your location. Please wait a moment, and try again later. ",collect data location,[]
skills/ydsingh/alexa/feature-demos/skill-demo-dynamic-location.csv,There was an error accessing your location. Please try again later. ,collect data location,[]
skills/alexa-samples/dynamic-location-demo.csv,"Location Demo would like to use your location. To turn on location sharing, please go to your Alexa app, and follow the instructions. ",collect data location,[]
skills/alexa-samples/dynamic-location-demo.csv,"Location Demo is having trouble accessing your location. Please wait a moment, and try again later. ",collect data location,[]
skills/alexa-samples/dynamic-location-demo.csv,There was an error accessing your location. Please try again later. ,collect data location,[]
skills/ramisleeman/alexa-auto/aac-sdk1.6/skill-routing-invoke/ice-cream-finder/skill/ice_cream_finder.csv,'Alexa doesnt seem to have permissions to use your location or device doesnt support it',collect data location,[]
skills/vpayette/skill-sample-node-device-location-api.csv,It looks like we did not obtain your location. Please try again.,collect data location,[]
skills/vpayette/skill-sample-node-device-location-api.csv,Here is your full location: ,collect data location,[]
skills/vpayette/skill-sample-node-device-location-api.csv,Somehow we did not get your location,collect data location,[]
skills/alexa/alexa-cookbook/feature-demos/skill-demo-dynamic-location.csv,"Location Demo would like to use your location. To turn on location sharing, please go to your Alexa app, and follow the instructions. ",collect data location,[]
skills/alexa/alexa-cookbook/feature-demos/skill-demo-dynamic-location.csv,"Location Demo is having trouble accessing your location. Please wait a moment, and try again later. ",collect data location,[]
skills/alexa/alexa-cookbook/feature-demos/skill-demo-dynamic-location.csv,There was an error accessing your location. Please try again later. ,collect data location,[]
skills/dabblelab/4-alexa-session-attributes-example-skill.csv,Hello there. What's your name?,collect data name,[]
skills/dabblelab/4-alexa-session-attributes-example-skill.csv,Can you tell me your name?,collect data name,[]
skills/dabblelab/4-alexa-session-attributes-example-skill.csv,. I saved your name as a session attribute. Ask me your name to make sure I have it.,collect data name,[]
skills/dabblelab/4-alexa-session-attributes-example-skill.csv,Ask me your name.,collect data name,[]
skills/dabblelab/4-alexa-session-attributes-example-skill.csv,You can me your name,collect data name,[]
skills/malhotra-vikas/alexa-cookbook/feature-demos/skill-demo-amazon-pay.csv,"You can set your name either in the Alexa app under calling and messaging, or you can set it at Amazon.com, under log-in and security.",collect data name,[]
skills/malhotra-vikas/alexa-cookbook/feature-demos/skill-demo-amazon-pay.csv,Here is your full name: ,collect data name,[]
skills/t04glovern/cat-a-log-code/L04_S02.csv,You can change your name at any time by saying change name. <break time="200ms"/> ,collect data name,[]
skills/amitku126/falcon/EN_Only_3_0.csv,Hello there. What is your name?,collect data name,[]
skills/amitku126/falcon/EN_Only_3_0.csv,Can you tell me your name?,collect data name,[]
skills/amitku126/falcon/EN_Only_3_0.csv,You can introduce yourself by telling me your name,collect data name,[]
skills/dacf/Reddit-Reads.csv,You can introduce yourself by telling me your name,collect data name,[]
skills/t04glovern/cat-a-log-code/L04_S05.csv,You can change your name at any time by saying change name. <break time="200ms"/> ,collect data name,[]
skills/t04glovern/cat-a-log-code/L04_S05.csv,Please say your name to get started,collect data name,[]
skills/alexa-samples/community-templates/scheduling-skill-template.csv,"In order to book and confirm appointments, %s will need access to your name, email address, and phone number. To provide access, please enable profile permissions in the Amazon Alexa app.",collect data name,[]
skills/alexa-samples/community-templates/scheduling-skill-template.csv,It looks like you don't have your name set. You can set your name in the Alexa companion app.,collect data name,[]
skills/alexa-samples/community-templates/scheduling-skill-template.csv,Please set your name in the Alexa companion app.,collect data name,[]
skills/lucky-singh/mltrivia/ML_Trivia.csv,"You got %s out of %s questions correct. I'd like to add your name to the leaderboard, what's your name?",collect data name,[]
skills/alexa-samples/customer-profile-demo.csv,"Welcome to the Sample Alexa Customer Profile API Skill! You can ask for your name, your email address, or your phone number. What do you want to ask?",collect data name,[]
skills/alexa-samples/customer-profile-demo.csv,"You can set your name either in the Alexa app under calling and messaging, or you can set it at Amazon.com, under log-in and security.",collect data name,[]
skills/alexa-samples/customer-profile-demo.csv,Here is your full name: ,collect data name,[]
skills/lefthandsimon/genericPreschooler.csv,"don't be shy, we're all friends here. What's your name?",collect data name,[]
skills/maciekzdaleka/Bray-Train-Times.csv,You can introduce yourself by telling me your name,collect data name,[]
skills/nicktodd/BasicAlexaSkill.csv,"hello, please tell me your name",collect data name,[]
skills/nicktodd/BasicAlexaSkill.csv,what is your name,collect data name,[]
skills/nicktodd/BasicAlexaSkill.csv,"Hello, please tell me your name ",collect data name,[]
skills/nicktodd/BasicAlexaSkill.csv,Tell me your name and I will say hello,collect data name,[]
skills/nicktodd/BasicAlexaSkill.csv,Please say your name again,collect data name,[]
skills/ilikerobots/estonia-one-hundred-alexa.csv,"To tell an Estonian your name, add your name to the end of this phrase which means ""my name is"" ",collect data name,[]
skills/ydsingh/alexa/feature-demos/skill-demo-customer-profile.csv,"Welcome to the Sample Alexa Customer Profile API Skill! You can ask for your name, your email address, or your phone number. What do you want to ask?",collect data name,[]
skills/ydsingh/alexa/feature-demos/skill-demo-customer-profile.csv,"You can set your name either in the Alexa app under calling and messaging, or you can set it at Amazon.com, under log-in and security.",collect data name,[]
skills/ydsingh/alexa/feature-demos/skill-demo-customer-profile.csv,Here is your full name: ,collect data name,[]
skills/malhotra-vikas/alexa-cookbook/feature-demos/skill-demo-customer-profile.csv,"Welcome to the Sample Alexa Customer Profile API Skill! You can ask for your name, your email address, or your phone number. What do you want to ask?",collect data name,[]
skills/malhotra-vikas/alexa-cookbook/feature-demos/skill-demo-customer-profile.csv,"You can set your name either in the Alexa app under calling and messaging, or you can set it at Amazon.com, under log-in and security.",collect data name,[]
skills/malhotra-vikas/alexa-cookbook/feature-demos/skill-demo-customer-profile.csv,Here is your full name: ,collect data name,[]
skills/dabblelab/alexa-apl-for-audio-example.csv,You can introduce yourself by telling me your name,collect data name,[]
skills/mgaringoDev/customAlexaVoiceDBConnection.csv,You can introduce yourself by telling me your name,collect data name,[]
skills/rramsisa/VITA/alexa.csv,You can introduce yourself by telling me your name,collect data name,[]
skills/ijlal-gondal/RocketElevators-AI/alexa-remote-api-skill-template-master.csv,You can introduce yourself by telling me your name,collect data name,[]
skills/cavewoman/chattanooga-techie-skill.csv,You can introduce yourself by telling me your name,collect data name,[]
skills/Pacman17/AlexaVisitorSkill.csv,What is your full name?,collect data name,[]
skills/limeman38/Alexa/awsFactSkill.csv,You can introduce yourself by telling me your name,collect data name,[]
skills/AbhinavTuli/Apartments-Finder.csv,You can introduce yourself by telling me your name,collect data name,[]
skills/Abhinav0909/Jokes/client/amzn1.ask.skill.97acfbba-a3d9-4eb5-a240-77f8f0030a40.csv,You can introduce yourself by telling me your name,collect data name,[]
skills/dabblelab/29-alexa-appointment-scheduler-skill.csv,"In order to book and confirm appointments, %s will need access to your name, email address, and phone number. To provide access, please enable profile permissions in the Amazon Alexa app.",collect data name,[]
skills/dabblelab/29-alexa-appointment-scheduler-skill.csv,It looks like you don't have your name set. You can set your name in the Alexa companion app.,collect data name,[]
skills/dabblelab/29-alexa-appointment-scheduler-skill.csv,Please set your name in the Alexa companion app.,collect data name,[]
skills/shivangi4742/reactnative/bkp/oneture/alexa/api-starter-alexa-master.csv,You can introduce yourself by telling me your name,collect data name,[]
skills/bhalgalix/movie-diaries.csv,You can introduce yourself by telling me your name,collect data name,[]
skills/t04glovern/cat-a-log-code/L04_S04.csv,You can change your name at any time by saying change name. <break time="200ms"/> ,collect data name,[]
skills/dabblelab/1-alexa-basic-example-skill.csv,Welcome to %(skillName)s. You can tell me your name or say learn more to learn more about this skill.,collect data name,[]
skills/dabblelab/1-alexa-basic-example-skill.csv,What is your name?,collect data name,[]
skills/dabblelab/1-alexa-basic-example-skill.csv,"You can tell me your name, or say learn more, to learn more about this skill.",collect data name,[]
skills/dabblelab/1-alexa-basic-example-skill.csv,"Sorry, I didn't understand that. You can tell me your name, or say learn more, to learn more about this skill.",collect data name,[]
skills/t04glovern/cat-a-log-code/L04_S03.csv,You can change your name at any time by saying change name. <break time="200ms"/> ,collect data name,[]
skills/dabblelab/15-alexa-apl-example-skill.csv,You can introduce yourself by telling me your name,collect data name,[]
skills/dabblelab/8-alexa-canfulfillintentrequest-example-skill.csv,Hello there. What is your name?,collect data name,[]
skills/dabblelab/8-alexa-canfulfillintentrequest-example-skill.csv,Can you tell me your name?,collect data name,[]
skills/dabblelab/8-alexa-canfulfillintentrequest-example-skill.csv,You can introduce yourself by telling me your name,collect data name,[]
skills/smarkdurbin/RandomFacts.csv,Please tell me your name.,collect data name,[]
skills/tingiris/starter-demo-two.csv,Welcome to %(skillName)s. You can tell me your name or say learn more to learn more about this skill.,collect data name,[]
skills/tingiris/starter-demo-two.csv,What is your name?,collect data name,[]
skills/tingiris/starter-demo-two.csv,"You can tell me your name, or say learn more, to learn more about this skill.",collect data name,[]
skills/tingiris/starter-demo-two.csv,"Sorry, I didn't understand that. You can tell me your name, or say learn more, to learn more about this skill.",collect data name,[]
skills/3unyt/Alexa-Intern-Helper.csv,Hello! Welcome to Amazon Intern Helper. What is your name?,collect data name,[]
skills/dhirajj14/illinois-tech-graduate-course-work/ITMT-593/final-assignment.csv,"Welcome to Simon Game, what is your name ?",collect data name,[]
skills/dhirajj14/illinois-tech-graduate-course-work/ITMT-593/final-assignment.csv,sorry!Please tell me your name,collect data name,[]
skills/dhirajj14/illinois-tech-graduate-course-work/ITMT-593/final-assignment.csv,Please tell me your name,collect data name,[]
skills/dabblelab/10-alexa-dynamodb-datastore-example-skill.csv,You can introduce yourself by telling me your name,collect data name,[]
skills/EchoSkillTemplates/Alexa-API-Starter.csv,You can introduce yourself by telling me your name,collect data name,[]
skills/amantech90/alexa-remote-api.csv,You can introduce yourself by telling me your name,collect data name,[]
skills/dkaj1990/react-native-alexa-app/reactn-alexa/alexa.csv,You can introduce yourself by telling me your name,collect data name,[]
skills/saadeddinne/test.csv,You can introduce yourself by telling me your name,collect data name,[]
skills/shivangi4742/Myalexaskill.csv,You can introduce yourself by telling me your name,collect data name,[]
skills/EdwardF2/Testing-Alexa.csv,You can introduce yourself by telling me your name,collect data name,[]
skills/KiranWells/howdy-hack-alexa.csv,You can introduce yourself by telling me your name,collect data name,[]
skills/alexa/alexa-cookbook/feature-demos/skill-demo-customer-profile.csv,"Welcome to the Sample Alexa Customer Profile API Skill! You can ask for your name, your email address, or your phone number. What do you want to ask?",collect data name,[]
skills/alexa/alexa-cookbook/feature-demos/skill-demo-customer-profile.csv,"You can set your name either in the Alexa app under calling and messaging, or you can set it at Amazon.com, under log-in and security.",collect data name,[]
skills/alexa/alexa-cookbook/feature-demos/skill-demo-customer-profile.csv,Here is your full name: ,collect data name,[]
skills/phoebe-assistant/dynamo-cards.csv,You can introduce yourself by telling me your name,collect data name,[]
skills/hackbrew01/EchoTemplates/API-Starter.csv,You can introduce yourself by telling me your name,collect data name,[]
skills/ashusath/rememberName.csv,"Welcome! You introduce yourself by saying: My name is, and then your name.",collect data name,[]
skills/ashusath/rememberName.csv,"Please introduce yourself by saying: My name is, and then your name.",collect data name,[]
skills/ashusath/rememberName.csv,"'Tell me your name by saying: My name is, and then your name.'",collect data name,[]
skills/ashusath/rememberName.csv,"To change you name say: My name is, and then your name.",collect data name,[]
skills/ashusath/rememberName.csv,"Hello and welcome! Please introduce yourself by saying: My name is, and then your name.",collect data name,[]
skills/ashusath/rememberName.csv,"You can introduce yourself by saying: My name is, and then your name.",collect data name,[]
skills/kiranreddy1/api-starter.csv,You can introduce yourself by telling me your name,collect data name,[]
skills/amitku126/falcon/EN_with_other_4_0.csv,Hello there. What is your name?,collect data name,[]
skills/amitku126/falcon/EN_with_other_4_0.csv,Can you tell me your name?,collect data name,[]
skills/amitku126/falcon/EN_with_other_4_0.csv,You can introduce yourself by telling me your name,collect data name,[]
skills/MikeAlphaXray/KaraEcho-HowdyHack-2021.csv,You can introduce yourself by telling me your name,collect data name,[]
skills/mobiletta/alexa/templates/skill-demo-customer-profile.csv,"Welcome to the Sample Alexa Customer Profile API Skill! You can ask for your name, your email address, or your phone number. What do you want to ask?",collect data name,[]
skills/mobiletta/alexa/templates/skill-demo-customer-profile.csv,"You can set your name either in the Alexa app under calling and messaging, or you can set it at Amazon.com, under log-in and security.",collect data name,[]
skills/mobiletta/alexa/templates/skill-demo-customer-profile.csv,Here is your full name: ,collect data name,[]
skills/MONESH-D/Alexa-1.csv,You can introduce yourself by telling me your name,collect data name,[]
skills/SuneetPatil/Alexa-Basic-Welcome.csv,Welcome to the basic welcome skill!. To continue please tell me your name?,collect data name,[]
skills/SuneetPatil/Alexa-Basic-Welcome.csv,Please tell me your name?,collect data name,[]
skills/SuneetPatil/Alexa-Basic-Welcome.csv,"You can say your name, or, you can say exit... What can I help you with?",collect data name,[]
skills/t04glovern/cat-a-log-code/L04_S07.csv,You can change your name at any time by saying change name. <break time="200ms"/> ,collect data name,[]
skills/t04glovern/cat-a-log-code/L04_S07.csv,Please say your name to get started,collect data name,[]
skills/amitku126/falcon/High_Risk_Broader_10_0.csv,Hello there. What is your name?,collect data name,[]
skills/amitku126/falcon/High_Risk_Broader_10_0.csv,Can you tell me your name?,collect data name,[]
skills/amitku126/falcon/High_Risk_Broader_10_0.csv,You can introduce yourself by telling me your name,collect data name,[]
skills/umoazzam/covid_tracker_dubhacks_2020.csv,You can introduce yourself by telling me your name,collect data name,[]
skills/praveenkavedi/AlexaTherapist.csv,You can introduce yourself by telling me your name,collect data name,[]
skills/AbhinavTuli/Foodie-Index.csv,You can introduce yourself by telling me your name,collect data name,[]
skills/amitku126/all_en/basic-starter.csv,Hello there. What is your name?,collect data name,[]
skills/amitku126/all_en/basic-starter.csv,Can you tell me your name?,collect data name,[]
skills/amitku126/all_en/basic-starter.csv,You can introduce yourself by telling me your name,collect data name,[]
skills/ahitt6345/Kebabkat-Alexa/amzn1.ask.skill.aca43909-cf68-4e1a-bc9a-3e0a77eeb72e.csv,You can introduce yourself by telling me your name,collect data name,[]
skills/dvontrec/Sprinkle-of-Alexa.csv,You can introduce yourself by telling me your name,collect data name,[]
skills/t04glovern/cat-a-log-code/L04_S06.csv,You can change your name at any time by saying change name. <break time="200ms"/> ,collect data name,[]
skills/t04glovern/cat-a-log-code/L04_S06.csv,Please say your name to get started,collect data name,[]
skills/amitku126/falcon/Amazon_Pay_Broader_10_0.csv,Hello there. What is your name?,collect data name,[]
skills/amitku126/falcon/Amazon_Pay_Broader_10_0.csv,Can you tell me your name?,collect data name,[]
skills/amitku126/falcon/Amazon_Pay_Broader_10_0.csv,You can introduce yourself by telling me your name,collect data name,[]
skills/inobtsp/crowdsoucing_project.csv,"Welcome come to crowdsoucing platform, sign in your name to do the following step!",collect data name,[]
skills/LucasGauterio/alexa.csv,You can introduce yourself by telling me your name,collect data name,[]
skills/0xDebabrata/alexa-covid19-tracker.csv,You can introduce yourself by telling me your name,collect data name,[]
skills/microsaurav/Alexa/client.csv,You can introduce yourself by telling me your name,collect data name,[]
skills/dabblelab/16-alexa-account-linking-example-skill.csv,You can introduce yourself by telling me your name,collect data name,[]
skills/ahsanali17/RocketElevators-AI-Alexa.csv,You can introduce yourself by telling me your name,collect data name,[]
skills/amitku126/falcon/basic-starter.csv,Hello there. What is your name?,collect data name,[]
skills/amitku126/falcon/basic-starter.csv,Can you tell me your name?,collect data name,[]
skills/amitku126/falcon/basic-starter.csv,You can introduce yourself by telling me your name,collect data name,[]
skills/dabblelab/2-alexa-remote-api-example-skill.csv,You can introduce yourself by telling me your name,collect data name,[]
skills/ValBeaupre/RocketElevators-AI.csv,You can introduce yourself by telling me your name,collect data name,[]
skills/thierryh9/RocketElevators-AI.csv,You can introduce yourself by telling me your name,collect data name,[]
skills/malhotra-vikas/alexa-cookbook/feature-demos/skill-demo-amazon-pay.csv,"You can set your phone number at Amazon.com, under log-in and security.",collect data phone number,[]
skills/malhotra-vikas/alexa-cookbook/feature-demos/skill-demo-amazon-pay.csv,Here is your phone number: ,collect data phone number,[]
skills/alexa-samples/community-templates/scheduling-skill-template.csv,Please set your phone number in the Alexa companion app.,collect data phone number,[]
skills/alexa-samples/customer-profile-demo.csv,"Welcome to the Sample Alexa Customer Profile API Skill! You can ask for your name, your email address, or your phone number. What do you want to ask?",collect data phone number,[]
skills/alexa-samples/customer-profile-demo.csv,"You can set your phone number at Amazon.com, under log-in and security.",collect data phone number,[]
skills/alexa-samples/customer-profile-demo.csv,Here is your phone number: ,collect data phone number,[]
skills/ydsingh/alexa/feature-demos/skill-demo-customer-profile.csv,"Welcome to the Sample Alexa Customer Profile API Skill! You can ask for your name, your email address, or your phone number. What do you want to ask?",collect data phone number,[]
skills/ydsingh/alexa/feature-demos/skill-demo-customer-profile.csv,"You can set your phone number at Amazon.com, under log-in and security.",collect data phone number,[]
skills/ydsingh/alexa/feature-demos/skill-demo-customer-profile.csv,Here is your phone number: ,collect data phone number,[]
skills/malhotra-vikas/alexa-cookbook/feature-demos/skill-demo-customer-profile.csv,"Welcome to the Sample Alexa Customer Profile API Skill! You can ask for your name, your email address, or your phone number. What do you want to ask?",collect data phone number,[]
skills/malhotra-vikas/alexa-cookbook/feature-demos/skill-demo-customer-profile.csv,"You can set your phone number at Amazon.com, under log-in and security.",collect data phone number,[]
skills/malhotra-vikas/alexa-cookbook/feature-demos/skill-demo-customer-profile.csv,Here is your phone number: ,collect data phone number,[]
skills/dabblelab/29-alexa-appointment-scheduler-skill.csv,Please set your phone number in the Alexa companion app.,collect data phone number,[]
skills/alexa/alexa-cookbook/feature-demos/skill-demo-customer-profile.csv,"Welcome to the Sample Alexa Customer Profile API Skill! You can ask for your name, your email address, or your phone number. What do you want to ask?",collect data phone number,[]
skills/alexa/alexa-cookbook/feature-demos/skill-demo-customer-profile.csv,"You can set your phone number at Amazon.com, under log-in and security.",collect data phone number,[]
skills/alexa/alexa-cookbook/feature-demos/skill-demo-customer-profile.csv,Here is your phone number: ,collect data phone number,[]
skills/mobiletta/alexa/templates/skill-demo-customer-profile.csv,"Welcome to the Sample Alexa Customer Profile API Skill! You can ask for your name, your email address, or your phone number. What do you want to ask?",collect data phone number,[]
skills/mobiletta/alexa/templates/skill-demo-customer-profile.csv,"You can set your phone number at Amazon.com, under log-in and security.",collect data phone number,[]
skills/mobiletta/alexa/templates/skill-demo-customer-profile.csv,Here is your phone number: ,collect data phone number,[]
skills/singha53/omics-bioanalytics-alexa-skill.csv,Error occured while saving your phone number,collect data phone number,"['AnalysisIntent\tanalysis\tanalysisType', 'MainMenuIntent']"
skills/SwapnilShahGit/STEM-Party.csv," Welcome to STEM party! It is great that you want to learn more about science, tech, engineering and math. What is your name?",collect data name,"['AnswerIntent\tanswer\tanswer', 'AnswerTwoIntent\tanswer\tanswer', 'AnswerThreeIntent\tanswer\tanswer', 'DifficultyIntent\tdifficulty\tdifficulty']"
skills/scollet1/NaMe_Alexa/NaMe_Alexa_Node.csv,Would you like to know the meaning behind your first name?,collect data name,['AnswerIntent\tGender\tGender']
skills/scollet1/NaMe_Alexa/NaMe_Alexa_Node.csv,"Okay, tell me your name.",collect data name,['AnswerIntent\tGender\tGender']
skills/scollet1/NaMe_Alexa/NaMe_Alexa_Node.csv,What is your name?,collect data name,['AnswerIntent\tGender\tGender']
skills/scollet1/NaMe_Alexa/NaMe_Alexa_Node.csv,Ask me what your name means!,collect data name,['AnswerIntent\tGender\tGender']
skills/MegaFoodBlue/avocado-alexa.csv,we can start by telling me your age and gender?,collect data age,"['BeautySkin\tnext\tNEXT_SLOT', 'BeautySkin\tprevious\tPREVIOUS_SLOT', 'HealthyAgingNext', 'SportNext', 'SleepStressNext', 'PrenatalPostnatal', 'SleepStressPrevious', 'BoneHealthNext', 'DefaultSupplements', 'PrenatalPostnatalNext', 'ImmunePrevious', 'SportPrevious', 'BoneHealth', 'SleepStress', 'KidsHealthNext', 'Immune', 'Sport', 'Digestive', 'DigestivePrevious', 'BeautySkinPrevious', 'DigestiveNext', 'ImmuneNext', 'KidsHealthPrevious', 'HealthyAgingPrevious', 'EnergyNext', 'Energy', 'EnergyPrevious', 'KidsHealth', 'BeautySkinNext', 'BoneHealthPrevious', 'DefaultWelcomeIntent', 'PrenatalPostnatalPrevious']"
skills/MegaFoodBlue/avocado-alexa.csv,"Help me, help you by telling me your age and gender?",collect data age,"['BeautySkin\tnext\tNEXT_SLOT', 'BeautySkin\tprevious\tPREVIOUS_SLOT', 'HealthyAgingNext', 'SportNext', 'SleepStressNext', 'PrenatalPostnatal', 'SleepStressPrevious', 'BoneHealthNext', 'DefaultSupplements', 'PrenatalPostnatalNext', 'ImmunePrevious', 'SportPrevious', 'BoneHealth', 'SleepStress', 'KidsHealthNext', 'Immune', 'Sport', 'Digestive', 'DigestivePrevious', 'BeautySkinPrevious', 'DigestiveNext', 'ImmuneNext', 'KidsHealthPrevious', 'HealthyAgingPrevious', 'EnergyNext', 'Energy', 'EnergyPrevious', 'KidsHealth', 'BeautySkinNext', 'BoneHealthPrevious', 'DefaultWelcomeIntent', 'PrenatalPostnatalPrevious']"
skills/gsdriver/play-blackjack-alexa.csv,"If you would like to include your name in the leaderboard, grant this skill permission in the Alexa companion app <break time='200ms'/>",collect data name,"['BlackjackIntent\tAction\tLIST_OF_ACTIONS', 'PlaceSideBetIntent', 'RemoveSideBetIntent', 'RulesIntent', 'ResetIntent', 'ChangeRulesIntent\tChange\tLIST_OF_RULE_OPTIONS', 'ChangeRulesIntent\tChangeOption\tLIST_OF_RULE_VALUES', 'SuggestIntent', 'EnableTrainingIntent', 'DisableTrainingIntent', 'PurchaseIntent\tProduct\tLIST_OF_PRODUCTS', 'RefundIntent\tProduct\tLIST_OF_PRODUCTS', 'HighScoreIntent']"
skills/Ehabdiab2000/ALEXA-Nurse-Skill-1.csv,"'Hello, you are welcome, I am here to help you book your an appointment. Kindly tell me your name.'",collect data name,"['ComplainIntent\tcomplain\tcomplain', 'DoctorIntent\tdoctor\tdoctor', 'SpecialityIntent\tspeciality\tspeciality']"
skills/Ehabdiab2000/ALEXA-Nurse-Skill-1.csv,"'Not sure I got that, Kindly tell me your name?'",collect data name,"['ComplainIntent\tcomplain\tcomplain', 'DoctorIntent\tdoctor\tdoctor', 'SpecialityIntent\tspeciality\tspeciality']"
skills/Ehabdiab2000/AEXA-Nurse-Skill-2.csv,'Please give me your age',collect data age,['ComplainIntent\tcomplain\tcomplain']
skills/Ehabdiab2000/AEXA-Nurse-Skill-2.csv,"'Hello, Please give me your name'",collect data name,['ComplainIntent\tcomplain\tcomplain']
skills/Ehabdiab2000/AEXA-Nurse-Skill-2.csv,'Please give me your name',collect data name,['ComplainIntent\tcomplain\tcomplain']
skills/dabblelab/6-alexa-address-information-example-skill.csv,It looks like you don't have an address set. You can set your address from the companion app.,collect data address,['DeviceLocationIntent']
skills/aidex-hackability/aidex/aidexDrive.csv,"<p>I believe your current location is around,</p> <p>wait</p> ",collect data location,"['DriveControlIntent\tStatus\tDriveStatus', 'TurnIntent\tDirection\tDriveDirection']"
skills/willsower/AlexaSkillHackathon/MySkill/DownloadedSkill.csv,20 to 30 days before starting. 1. Introduce Via email to your manager. 2. Request via MyDocs to confirm your mailing address. 3. Complete Survey to verify mailing address.,collect data address,['DueDate\tHRName\tTodoDocuments']
skills/willsower/AlexaSkillHackathon/MySkill/DownloadedSkill.csv,"Your tasks before day one include, complete any surveys sent to you regarding onboarding logistics. Completing your background check, details should be sent to your email. Complete both your I-9 Section 1, and Section 2. You should have also received an email regarding your MyDocs documents that need to be completed. Reach out to asp-offersandonboarding@amazon.com if you have any further questions about your onboarding or documentation.",collect data email,['DueDate\tHRName\tTodoDocuments']
skills/hrbowers/alexa-accessibility.csv,"Ok, I will not inform you of any issues with your account. Account notifications will still be sent to your email. Good bye.",collect data email,"['Entry', 'Self\tCheckOne\tYES_NO', 'Self\tCheckTwo\tYES_NO', 'Self\tCheckThree\tYES_NO', 'Self\tCheckFour\tYES_NO']"
skills/TruJared/letsread.csv,"Before we get started, I would really like to know your name. Could you tell it to me?",collect data name,['GameLoopIntent\tguess\tguess']
skills/TruJared/letsread.csv,We can't get started until you tell me your name. What is it?,collect data name,['GameLoopIntent\tguess\tguess']
skills/TruJared/letsread.csv,What is your name?,collect data name,['GameLoopIntent\tguess\tguess']
skills/TruJared/letsread.csv,"I bet you have a really cool name, what is your name?",collect data name,['GameLoopIntent\tguess\tguess']
skills/TruJared/letsread.csv,Could you help me out and tell me your name?,collect data name,['GameLoopIntent\tguess\tguess']
skills/TruJared/letsread.csv,I really like your name,collect data name,['GameLoopIntent\tguess\tguess']
skills/karakarakaraff/alexa-skills/oregon-trail.csv, What is your name?,collect data name,"['GetBuyOrTrade\tbuy_or_trade\tBUY_OR_TRADE', 'GetItem\titem\tITEMS', 'GetProfession\tprofession\tPROFESSIONS', 'GetRiverCrossing\tcrossing\tRIVER_CROSSINGS', 'GetStartingMonth\tmonth\tSTART_MONTHS']"
skills/karakarakaraff/alexa-skills/oregon-trail.csv,What is your name?,collect data name,"['GetBuyOrTrade\tbuy_or_trade\tBUY_OR_TRADE', 'GetItem\titem\tITEMS', 'GetProfession\tprofession\tPROFESSIONS', 'GetRiverCrossing\tcrossing\tRIVER_CROSSINGS', 'GetStartingMonth\tmonth\tSTART_MONTHS']"
skills/karakarakaraff/alexa-skills/oregon-trail.csv,"If you don't want to play, say stop. If you want to play, I need to know your name. It can be a real name or a pretend name. What is your name?",collect data name,"['GetBuyOrTrade\tbuy_or_trade\tBUY_OR_TRADE', 'GetItem\titem\tITEMS', 'GetProfession\tprofession\tPROFESSIONS', 'GetRiverCrossing\tcrossing\tRIVER_CROSSINGS', 'GetStartingMonth\tmonth\tSTART_MONTHS']"
skills/karakarakaraff/alexa-skills/oregon-trail.csv,"If you want to quit the game, say stop. Otherwise, please tell me your name.",collect data name,"['GetBuyOrTrade\tbuy_or_trade\tBUY_OR_TRADE', 'GetItem\titem\tITEMS', 'GetProfession\tprofession\tPROFESSIONS', 'GetRiverCrossing\tcrossing\tRIVER_CROSSINGS', 'GetStartingMonth\tmonth\tSTART_MONTHS']"
skills/karakarakaraff/alexa-skills/oregon-trail.csv,"Ok, let's start over. What is your name?",collect data name,"['GetBuyOrTrade\tbuy_or_trade\tBUY_OR_TRADE', 'GetItem\titem\tITEMS', 'GetProfession\tprofession\tPROFESSIONS', 'GetRiverCrossing\tcrossing\tRIVER_CROSSINGS', 'GetStartingMonth\tmonth\tSTART_MONTHS']"
skills/MJR113/ask-wheel-of-lunch-skill.csv,!  This skill will help you make dining choices based on your address.  Just say 'spin the wheel' and a random dining selection will be chosen.,collect data address,['GetLunchIntent']
skills/MJR113/ask-wheel-of-lunch-skill.csv,It looks like you don't have an address set. You can set your address from the companion app.,collect data address,['GetLunchIntent']
skills/habuma/nfjs-samples/uberconf-2019/voice-apps-workshop/starflyer-travel.csv,Please grant me permission to access your email address and name in the Amazon Alexa app.,collect data email address,"['HelloWorldIntent', 'ScheduleTripIntent\tdestination\tPLANETS']"
skills/iScreem/APL_Keyboard.csv,Welcome to the A P L Keyboard demo. Please enter your email,collect data email,['HelloWorldIntent']
skills/dylan-nogueras/GatoEncerrado_TFG/Skill_Alexa_Gato_encerrado_ES_EN.csv," You can go to another room saying: go to and the name of the room. Furthermore, you can obtain a clue, ask where are you, what's in your inventory, what's your name, what's your score or change your name.. ",collect data name,"['InteractionIntent\tStillObjects\tStillObjects', 'LookIntent\tdirection\tOrientation', 'TakeIntent\tobject\tObjects', 'ReleaseIntent\tobject\tObjects', 'CombineObjectsIntent\titem\tObjects', 'CombineObjectsIntent\titemsegundo\tObjects', 'UseObjectIntent\tobject\tObjects', 'UseIntent\tobject\tObjects', 'UseIntent\telement\tStillObjects', 'GoToIntent\tplace\tPlaces', 'PushSymbolsIntent\tsymbol\tSymbol', 'PushSymbolsIntent\tsymboltwo\tSymbol', 'PushSymbolsIntent\tsymbolthree\tSymbol', 'PushSymbolsIntent\tsymbolfour\tSymbol', 'ReadIntent\tauthor\tAuthor', 'GiveCatIntent\telementone\tCatObjects', 'GiveCatIntent\telementtwo\tCatObjects', 'GiveCatIntent\telementthree\tCatObjects', 'GiveCatIntent\telementfour\tCatObjects', 'GiveCatIntentTwo\telementone\tCatObjects', 'GiveCatIntentTwo\telementtwo\tCatObjects', 'GiveCatIntentTwo\telementthree\tCatObjects', 'GiveCatIntentThree\telementone\tCatObjects', 'GiveCatIntentThree\telementtwo\tCatObjects', 'GiveCatIntentFour\telementone\tCatObjects', 'ChooseIntent\tchoose\tChoose', 'ChooseObjectIntent\tchoose\tChoose', 'ChooseObjectIntent\tcatobject\tObjectsChoose', 'InteractionObjectsIntent\tobj\tObjects', 'TakeObjectsIntent\tStillObjects\tStillObjects', 'ReleaseObjectsIntent\tStillObjects\tStillObjects', 'HelpIntent\thelp\tHelpType']"
skills/juanmf/InnovationChallengeDealsAssistantAlexaSkill.csv,"Hi, I'm your deals assistant. I can keep track of products you want to buy and notify you when the price drops. Before we get started, what is your name?",collect data name,['ListItemIntent']
skills/juanmf/InnovationChallengeDealsAssistantAlexaSkill.csv,"you want to buy and notify you when the price drops. Before we get started, what is your name?",collect data name,['ListItemIntent']
skills/dylan-nogueras/GatoEncerrado_TFG/Skill_Alexa_Juego_inicial_ES_EN.csv," Furthermore, you can obtain a clue, ask where are you, what's in your inventory, what's your name, what's your score or change your name. ",collect data name,"['LookIntent\tdirection\tOrientation', 'InteractionIntent\tStillObjects\tStillObjects', 'TakeIntent\tobject\tObjects', 'ReleaseIntent\tobject\tObjects', 'UseIntent\tobject\tObjects', 'UseIntent\telement\tStillObjects', 'ChooseIntent\tchoose\tChoose']"
skills/CORaleigh/alexa-cor-webhook.csv,Sorry I could not find information for your address. Make sure you have entered a valid address in the settings of your Alexa app and that it is within Raleigh city limits,collect data address,"['Menu', 'District\tdistricttype\tdistricttype', 'Person', 'SolidWaste\twastetype\twastetype']"
skills/erviveksoni/innovathon-alexa-skill.csv,It looks like you don't have an email set. You can set your email from the companion app.,collect data email,"['OrdersIntent\tstatusSlot\tStatus', 'AskForOrderStatusIntent\tconfirmSlot\tConfirm', 'RescheduleOrderIntent\tbeforeAfterSlot\tBeforeAfter', 'OrderActionsIntent\tactionsSlot\tActions']"
skills/brianronaghan/make-me-smart-alexa.csv,Save your location,collect data location,"['PlayLatestExplainer', 'OrdinalOnly\tordinal\tORDINAL', 'PickItem\tordinal\tORDINAL']"
skills/brianronaghan/make-me-smart-alexa.csv,"Okay, you'd like to change your information. What should I save your first name as for requests?",collect data name,"['PlayLatestExplainer', 'OrdinalOnly\tordinal\tORDINAL', 'PickItem\tordinal\tORDINAL']"
skills/brianronaghan/make-me-smart-alexa.csv,"You can say cancel, or say 'change my info' to let us know your name and city so we can give you credit if we use your idea. What would you like to do?",collect data name,"['PlayLatestExplainer', 'OrdinalOnly\tordinal\tORDINAL', 'PickItem\tordinal\tORDINAL']"
skills/pearlandrw/car-go.csv,You can introduce yourself by telling me your name,collect data name,"['PriceIntent\tmake\tmake', 'PriceIntent\tmodel\tmodel']"
skills/scoyne/alexa-bw-helpdesk-skill.csv,"VMware gives you access to BW lab software remotely from any location. Log in at: http://labs.bw.edu. It is recommended that you download the full client to your primary computer, but you can also use the quick access HTML option anytime, anywhere, without downloading the software. Always save your files to a flash drive or network drive - NOT the computer's hard drive. If you are using the Windows 10 version of VMware in the lab or at home, remember that the log off button has changed. To log off, simply click your name and you will see the sign out link.",collect data name,['RecipeIntent\tItem\tLIST_OF_ITEMS']
skills/alexa-samples/skill-sample-nodejs-the-foodie.csv,To find a restaurant close by I need to know your address. What city do you live in?,collect data address,"['RecommendationIntent\tcuisine\tcuisineType', 'RecommendationIntent\tallergies\tallergyType', 'RecommendationIntent\tdiet\tdietType', 'RecommendationIntent\tdeliveryOption\tdeliveryOptionType', 'RecommendationIntent\ttimeOfDay\ttimeOfDayType', 'RecommendationIntent\tportionSize\tportionSizeType', 'ExplainPortionSizeIntent\tportion\tportionSizeType', 'LookupRestaurantIntent\trestaurant\trestaurantType']"
skills/alexa-samples/skill-sample-nodejs-the-foodie.csv,"To make that easier, you can give me permission to access your location, ",collect data location,"['RecommendationIntent\tcuisine\tcuisineType', 'RecommendationIntent\tallergies\tallergyType', 'RecommendationIntent\tdiet\tdietType', 'RecommendationIntent\tdeliveryOption\tdeliveryOptionType', 'RecommendationIntent\ttimeOfDay\ttimeOfDayType', 'RecommendationIntent\tportionSize\tportionSizeType', 'ExplainPortionSizeIntent\tportion\tportionSizeType', 'LookupRestaurantIntent\trestaurant\trestaurantType']"
skills/alexa-samples/skill-sample-nodejs-the-foodie.csv,How rude of me. I forgot to ask. What's your name?,collect data name,"['RecommendationIntent\tcuisine\tcuisineType', 'RecommendationIntent\tallergies\tallergyType', 'RecommendationIntent\tdiet\tdietType', 'RecommendationIntent\tdeliveryOption\tdeliveryOptionType', 'RecommendationIntent\ttimeOfDay\ttimeOfDayType', 'RecommendationIntent\tportionSize\tportionSizeType', 'ExplainPortionSizeIntent\tportion\tportionSizeType', 'LookupRestaurantIntent\trestaurant\trestaurantType']"
skills/tienwei/smart-claims/alexa-skill/foodie.csv,To find a restaurant close by I need to know your address. What city do you live in?,collect data address,"['RecommendationIntent\tcuisine\tcuisineType', 'RecommendationIntent\tallergies\tallergyType', 'RecommendationIntent\tdiet\tdietType', 'RecommendationIntent\tdeliveryOption\tdeliveryOptionType', 'RecommendationIntent\ttimeOfDay\ttimeOfDayType', 'RecommendationIntent\tportionSize\tportionSizeType', 'ExplainPortionSizeIntent\tportion\tportionSizeType', 'LookupRestaurantIntent\trestuarant\trestaurantType']"
skills/tienwei/smart-claims/alexa-skill/foodie.csv,"To make that easier, you can give me permission to access your location, ",collect data location,"['RecommendationIntent\tcuisine\tcuisineType', 'RecommendationIntent\tallergies\tallergyType', 'RecommendationIntent\tdiet\tdietType', 'RecommendationIntent\tdeliveryOption\tdeliveryOptionType', 'RecommendationIntent\ttimeOfDay\ttimeOfDayType', 'RecommendationIntent\tportionSize\tportionSizeType', 'ExplainPortionSizeIntent\tportion\tportionSizeType', 'LookupRestaurantIntent\trestuarant\trestaurantType']"
skills/tienwei/smart-claims/alexa-skill/foodie.csv,How rude of me. I forgot to ask. What's your name?,collect data name,"['RecommendationIntent\tcuisine\tcuisineType', 'RecommendationIntent\tallergies\tallergyType', 'RecommendationIntent\tdiet\tdietType', 'RecommendationIntent\tdeliveryOption\tdeliveryOptionType', 'RecommendationIntent\ttimeOfDay\ttimeOfDayType', 'RecommendationIntent\tportionSize\tportionSizeType', 'ExplainPortionSizeIntent\tportion\tportionSizeType', 'LookupRestaurantIntent\trestuarant\trestaurantType']"
skills/gsdriver/craps.csv, <break time='300ms'/>If you would like to register to have your name on the leader board please visit the Alexa companion app. ,collect data name,"['RemoveIntent\tBet\tLIST_OF_BETS', 'RollIntent', 'HighScoreIntent', 'ResetIntent']"
skills/KanuGaba/Amazon-PreOnboarding-Alexa-Skill.csv,"'Your state or local tax responsibilities, as well as tax withholding on your earnings, are based on both your legal resident address and the address where you work. When the location of your legal residence differs from the location where you work, you may be subject to tax withholding in the location of your legal residence, the location where you work, or both. In reporting and paying your taxes, you should seek advice from your own tax consultant or adviser, as taxation is both personal and specific to the circumstances of the individual.'",collect data address,"['RoommateSurveyIntent\tgender\tgender', 'RoommateSurveyIntent\troommate_gender_preference\tgender', 'RoommateSurveyIntent\troom_style_preference\troom_type', 'RoommateSurveyIntent\tcleanliness\tcleanliness', 'RoommateSurveyIntent\tcleanliness_level_preference\tcleanliness', 'RoommateSurveyIntent\tactive_hours\tacitve_hours_types', 'RoommateSurveyIntent\tactive_hours_preference\tacitve_hours_types', 'RoommateSurveyIntent\tpersonality\tpersonality', 'RoommateSurveyIntent\tpersonality_preference\tpersonality']"
skills/alexa-samples/skill-sample-nodejs-college-finder.csv,Would you like to store the zip code for your home address to search for schools within a specified distance?,collect data address,"['SearchByLocationIntent\tSTATE\tSTATES', 'SearchByLocationIntent\tREGION\tREGION', 'RefineSearchIntent\tLOCATION\tLOCATION', 'RefineSearchIntent\tSTATE\tSTATES', 'RefineSearchIntent\tREGION\tREGION', 'RefineSearchIntent\tMAJOR\tMAJOR', 'RefineSearchIntent\tTYPE\tTYPE', 'RefineSearchIntent\tSIZE\tSIZE', 'RefineSearchIntent\tDEGREE\tDEGREE', 'RefineSearchIntent\tSCORES\tSCORES', 'SearchByNameIntent\tSCHOOL_NAME\tSCHOOL', 'TestScoresIntent\tSCORES\tSCORES', 'DegreeIntent\tDEGREE\tDEGREE', 'ChangeProfileIntent\tPROFILE\tPROFILE', 'SearchByMajorIntent\tMAJOR\tMAJOR', 'DeleteFromFavoritesIntent\tSCHOOL\tSCHOOL']"
skills/alexa-samples/skill-sample-nodejs-college-finder.csv,What is the five digit zip code for your home address?,collect data address,"['SearchByLocationIntent\tSTATE\tSTATES', 'SearchByLocationIntent\tREGION\tREGION', 'RefineSearchIntent\tLOCATION\tLOCATION', 'RefineSearchIntent\tSTATE\tSTATES', 'RefineSearchIntent\tREGION\tREGION', 'RefineSearchIntent\tMAJOR\tMAJOR', 'RefineSearchIntent\tTYPE\tTYPE', 'RefineSearchIntent\tSIZE\tSIZE', 'RefineSearchIntent\tDEGREE\tDEGREE', 'RefineSearchIntent\tSCORES\tSCORES', 'SearchByNameIntent\tSCHOOL_NAME\tSCHOOL', 'TestScoresIntent\tSCORES\tSCORES', 'DegreeIntent\tDEGREE\tDEGREE', 'ChangeProfileIntent\tPROFILE\tPROFILE', 'SearchByMajorIntent\tMAJOR\tMAJOR', 'DeleteFromFavoritesIntent\tSCHOOL\tSCHOOL']"
skills/alexa-samples/skill-sample-nodejs-college-finder.csv,Ok. You can always come back and add your home zip code later.,collect data zip code,"['SearchByLocationIntent\tSTATE\tSTATES', 'SearchByLocationIntent\tREGION\tREGION', 'RefineSearchIntent\tLOCATION\tLOCATION', 'RefineSearchIntent\tSTATE\tSTATES', 'RefineSearchIntent\tREGION\tREGION', 'RefineSearchIntent\tMAJOR\tMAJOR', 'RefineSearchIntent\tTYPE\tTYPE', 'RefineSearchIntent\tSIZE\tSIZE', 'RefineSearchIntent\tDEGREE\tDEGREE', 'RefineSearchIntent\tSCORES\tSCORES', 'SearchByNameIntent\tSCHOOL_NAME\tSCHOOL', 'TestScoresIntent\tSCORES\tSCORES', 'DegreeIntent\tDEGREE\tDEGREE', 'ChangeProfileIntent\tPROFILE\tPROFILE', 'SearchByMajorIntent\tMAJOR\tMAJOR', 'DeleteFromFavoritesIntent\tSCHOOL\tSCHOOL']"
skills/alexa-samples/skill-sample-nodejs-college-finder.csv,To narrow down your search I'll look for schools by distance from your home zip code. You can also skip this question if you have no preference.,collect data zip code,"['SearchByLocationIntent\tSTATE\tSTATES', 'SearchByLocationIntent\tREGION\tREGION', 'RefineSearchIntent\tLOCATION\tLOCATION', 'RefineSearchIntent\tSTATE\tSTATES', 'RefineSearchIntent\tREGION\tREGION', 'RefineSearchIntent\tMAJOR\tMAJOR', 'RefineSearchIntent\tTYPE\tTYPE', 'RefineSearchIntent\tSIZE\tSIZE', 'RefineSearchIntent\tDEGREE\tDEGREE', 'RefineSearchIntent\tSCORES\tSCORES', 'SearchByNameIntent\tSCHOOL_NAME\tSCHOOL', 'TestScoresIntent\tSCORES\tSCORES', 'DegreeIntent\tDEGREE\tDEGREE', 'ChangeProfileIntent\tPROFILE\tPROFILE', 'SearchByMajorIntent\tMAJOR\tMAJOR', 'DeleteFromFavoritesIntent\tSCHOOL\tSCHOOL']"
skills/alexa-samples/skill-sample-nodejs-college-finder.csv,That's not a valid zip code. What is your five digit home zip code?,collect data zip code,"['SearchByLocationIntent\tSTATE\tSTATES', 'SearchByLocationIntent\tREGION\tREGION', 'RefineSearchIntent\tLOCATION\tLOCATION', 'RefineSearchIntent\tSTATE\tSTATES', 'RefineSearchIntent\tREGION\tREGION', 'RefineSearchIntent\tMAJOR\tMAJOR', 'RefineSearchIntent\tTYPE\tTYPE', 'RefineSearchIntent\tSIZE\tSIZE', 'RefineSearchIntent\tDEGREE\tDEGREE', 'RefineSearchIntent\tSCORES\tSCORES', 'SearchByNameIntent\tSCHOOL_NAME\tSCHOOL', 'TestScoresIntent\tSCORES\tSCORES', 'DegreeIntent\tDEGREE\tDEGREE', 'ChangeProfileIntent\tPROFILE\tPROFILE', 'SearchByMajorIntent\tMAJOR\tMAJOR', 'DeleteFromFavoritesIntent\tSCHOOL\tSCHOOL']"
skills/alexa-samples/skill-sample-nodejs-college-finder.csv,Please provide your five digit home zip code.,collect data zip code,"['SearchByLocationIntent\tSTATE\tSTATES', 'SearchByLocationIntent\tREGION\tREGION', 'RefineSearchIntent\tLOCATION\tLOCATION', 'RefineSearchIntent\tSTATE\tSTATES', 'RefineSearchIntent\tREGION\tREGION', 'RefineSearchIntent\tMAJOR\tMAJOR', 'RefineSearchIntent\tTYPE\tTYPE', 'RefineSearchIntent\tSIZE\tSIZE', 'RefineSearchIntent\tDEGREE\tDEGREE', 'RefineSearchIntent\tSCORES\tSCORES', 'SearchByNameIntent\tSCHOOL_NAME\tSCHOOL', 'TestScoresIntent\tSCORES\tSCORES', 'DegreeIntent\tDEGREE\tDEGREE', 'ChangeProfileIntent\tPROFILE\tPROFILE', 'SearchByMajorIntent\tMAJOR\tMAJOR', 'DeleteFromFavoritesIntent\tSCHOOL\tSCHOOL']"
skills/alexa-samples/skill-sample-nodejs-college-finder.csv,How many miles from your zip code do you want to search?,collect data zip code,"['SearchByLocationIntent\tSTATE\tSTATES', 'SearchByLocationIntent\tREGION\tREGION', 'RefineSearchIntent\tLOCATION\tLOCATION', 'RefineSearchIntent\tSTATE\tSTATES', 'RefineSearchIntent\tREGION\tREGION', 'RefineSearchIntent\tMAJOR\tMAJOR', 'RefineSearchIntent\tTYPE\tTYPE', 'RefineSearchIntent\tSIZE\tSIZE', 'RefineSearchIntent\tDEGREE\tDEGREE', 'RefineSearchIntent\tSCORES\tSCORES', 'SearchByNameIntent\tSCHOOL_NAME\tSCHOOL', 'TestScoresIntent\tSCORES\tSCORES', 'DegreeIntent\tDEGREE\tDEGREE', 'ChangeProfileIntent\tPROFILE\tPROFILE', 'SearchByMajorIntent\tMAJOR\tMAJOR', 'DeleteFromFavoritesIntent\tSCHOOL\tSCHOOL']"
skills/alexa-samples/skill-sample-nodejs-college-finder.csv,What's the maximum distance from your zip code you want to search?,collect data zip code,"['SearchByLocationIntent\tSTATE\tSTATES', 'SearchByLocationIntent\tREGION\tREGION', 'RefineSearchIntent\tLOCATION\tLOCATION', 'RefineSearchIntent\tSTATE\tSTATES', 'RefineSearchIntent\tREGION\tREGION', 'RefineSearchIntent\tMAJOR\tMAJOR', 'RefineSearchIntent\tTYPE\tTYPE', 'RefineSearchIntent\tSIZE\tSIZE', 'RefineSearchIntent\tDEGREE\tDEGREE', 'RefineSearchIntent\tSCORES\tSCORES', 'SearchByNameIntent\tSCHOOL_NAME\tSCHOOL', 'TestScoresIntent\tSCORES\tSCORES', 'DegreeIntent\tDEGREE\tDEGREE', 'ChangeProfileIntent\tPROFILE\tPROFILE', 'SearchByMajorIntent\tMAJOR\tMAJOR', 'DeleteFromFavoritesIntent\tSCHOOL\tSCHOOL']"
skills/hoquesumya/Alexa-Covid-19-CBT-Assistance.csv,"Hi, I am Nao. I am here to give you counseling on your anxiety issues. Can I have your name, please? Note: We are not professional therapists or counselors. ",collect data name,"['SituationIntent\tcondition\tcbtsituation', 'goingheadIntent\thead\tgoingmyhead', 'PanicIntent\tpan\tpanic', 'WorldIntent\ttype\tWorldSlot', 'familyIntent\tsituation\tfamilyslot', 'DeathIntent\tdeath\tdeathslot']"
skills/alexa-samples/skill-sample-nodejs-demo-store-amazon-pay.csv, {productType} is {productPrice} dollars and will ship to your address at {shippingAddress}.<break time=".5s"/>,collect data address,"['StarterKitIntent\tKitPurchaseIntentSlot\tYesNoType', 'StarterKitIntent\tUpgradeKitIntentSlot\tYesNoType', 'RefillIntent\tRefillPurchaseIntentSlot\tYesNoType']"
skills/xengravity/amazon-pay-alexa-v2-demo.csv, {productType} is {productPrice} dollars and will ship to your address at {shippingAddress}.<break time=".5s"/>,collect data address,"['StarterKitIntent\tKitPurchaseIntentSlot\tYesNoType', 'StarterKitIntent\tUpgradeKitIntentSlot\tYesNoType', 'RefillIntent\tRefillPurchaseIntentSlot\tYesNoType']"
skills/alexa-samples/skill-sample-nodejs-demo-store-amazon-pay.csv,"Your order shipped via UPS, and delivery is estimated for this Friday. Check your order email for the tracking number.",collect data email,"['StarterKitIntent\tKitPurchaseIntentSlot\tYesNoType', 'StarterKitIntent\tUpgradeKitIntentSlot\tYesNoType', 'RefillIntent\tRefillPurchaseIntentSlot\tYesNoType']"
skills/xengravity/amazon-pay-alexa-v2-demo.csv,"Your order shipped via UPS, and delivery is estimated for this Friday. Check your order email for the tracking number.",collect data email,"['StarterKitIntent\tKitPurchaseIntentSlot\tYesNoType', 'StarterKitIntent\tUpgradeKitIntentSlot\tYesNoType', 'RefillIntent\tRefillPurchaseIntentSlot\tYesNoType']"
skills/rahulyadav360/25-alexa-sendgrid-subscriber-skill.csv,It looks like I don't have your email address. You can set your email from the Alexa companion app or at alexa.amazon.com.,collect data email,"['SubscribeIntent', 'UnsubscribeIntent', 'RandomIntent']"
skills/rahulyadav360/25-alexa-sendgrid-subscriber-skill.csv,"This skill needs access to your email address. Please allow access using the Amazon Alexa app or through alexa.amazon.com, then try again.",collect data email address,"['SubscribeIntent', 'UnsubscribeIntent', 'RandomIntent']"
skills/rahulyadav360/25-alexa-sendgrid-subscriber-skill.csv,It looks like I don't have your email address. You can set your email from the Alexa companion app or at alexa.amazon.com.,collect data email address,"['SubscribeIntent', 'UnsubscribeIntent', 'RandomIntent']"
skills/skl1m/ecopal/skill.csv,. What is your name?,collect data name,"['TipLocationRecommendationIntent\tplace\tplace', 'RecycleRecommendationIntent\tmaterial\tmaterial']"
skills/skl1m/ecopal/skill.csv,You finished the quiz. I need to update your score. What is your name?,collect data name,"['TipLocationRecommendationIntent\tplace\tplace', 'RecycleRecommendationIntent\tmaterial\tmaterial']"
skills/bzobrist/nodeproxy_alexa_skill.csv,You can introduce yourself by telling me your name,collect data name,"['TurnZoneOnOffIntent\tAction\tON_OR_OFF', 'AllOnOffIntent\tAction\tON_OR_OFF']"
skills/annalenastrx/ClothingRecommendation/SkillDownload.csv,'Welcome to your one and only alexa wardrobe! What is your name?',collect data name,"['WeatherTestIntent\ttimeslot\ttimeslot', 'OccasionRecIntent\toccasion\toccasion', 'OccasionRecIntent\ttimeslot\ttimeslot', 'OccasionRecIntent\tadjective\tadjective', 'SeasonsIntent\tseason\tseason', 'SeasonsIntent\tadjective\tadjective', 'NewUserIntent\tclothes\tclothes', 'NewUserIntent\thatecolor\tclothes']"
skills/inobtsp/crowdsoucing_platform.csv,"Welcome come to crowdsoucing platform on desktop in taizhou , sign in your name to do the following step!",collect data name,"['YesOrNoanswerIntent\tYesOrNo\tYesOrNo', 'Question_Four_Intent\temotional\tYesOrNo', 'Question_five_Intent\treview_result\treview_result']"
skills/inobtsp/crowdsoucing_platform.csv,what your name again?,collect data name,"['YesOrNoanswerIntent\tYesOrNo\tYesOrNo', 'Question_Four_Intent\temotional\tYesOrNo', 'Question_five_Intent\treview_result\treview_result']"
skills/inobtsp/crowdsoucing_platform.csv,I can't find your name with ,collect data name,"['YesOrNoanswerIntent\tYesOrNo\tYesOrNo', 'Question_Four_Intent\temotional\tYesOrNo', 'Question_five_Intent\treview_result\treview_result']"
